Venue,Capacity,Basketballteam(s),Location,Country,Image,LatLong
Philippine Arena,55000,Philippine Basketball Association Teams,Bocaue,Philippines,https://upload.wikimedia.org/wikipedia/en/thumb/a/a0/Philippine_Arena_-_front_view_%28Bocaue%2C_Bulacan%29%282019-05-05%29.jpg/150px-Philippine_Arena_-_front_view_%28Bocaue%2C_Bulacan%29%282019-05-05%29.jpg,"[9.24824, 123.59228]"
JMA Wireless Dome,33000,"Syracuse Orange men's basketball, Syracuse Orange women's basketball",Syracuse,United States,https://upload.wikimedia.org/wikipedia/commons/thumb/c/ce/Carrier_Dome_-_New_Roof_2021_%28Jimhoward03%29.jpg/150px-Carrier_Dome_-_New_Roof_2021_%28Jimhoward03%29.jpg,"[32.75602, -114.36003]"
KFC Yum! Center,22090,"Louisville Cardinals men's basketball, Louisville Cardinals women's basketball",Louisville,United States,https://upload.wikimedia.org/wikipedia/commons/thumb/4/49/The-Yum-Center.jpg/150px-The-Yum-Center.jpg,"[38.89037, -77.03196]"
Greensboro Coliseum Complex,22000,UNC Greensboro Spartans men's basketball,Greensboro,United States,https://upload.wikimedia.org/wikipedia/commons/thumb/8/84/NCAA_Tournament_%283369506340%29.jpg/150px-NCAA_Tournament_%283369506340%29.jpg,"[36.0567, -79.82502]"
Dean Smith Center,21750,North Carolina Tar Heels,Chapel Hill,United States,https://upload.wikimedia.org/wikipedia/commons/thumb/2/2c/Dean_E._Smith_Center_%28Florida_State_vs._North_Carolina_-_February_23%2C_2019%29.jpg/150px-Dean_E._Smith_Center_%28Florida_State_vs._North_Carolina_-_February_23%2C_2019%29.jpg,"[39.77609, -98.78575]"
Thompson–Boling Arena,21678,"Tennessee Volunteers basketball, Tennessee Lady Volunteers basketball",Knoxville,United States,https://upload.wikimedia.org/wikipedia/commons/thumb/2/2b/Thompson-Boling-Arena.jpg/150px-Thompson-Boling-Arena.jpg,"[36.95259, -86.45002]"
Wells Fargo Center,21000,Philadelphia 76ers and some Villanova Wildcats men's basketball and Temple Owls men's basketball games,Philadelphia,United States,https://upload.wikimedia.org/wikipedia/commons/thumb/4/4c/76ers_WFC_2016.jpg/150px-76ers_WFC_2016.jpg,"[39.90525, -75.17354]"
United Center,20917,Chicago Bulls,Chicago,United States,https://upload.wikimedia.org/wikipedia/commons/thumb/3/35/United_Center_pano.jpg/150px-United_Center_pano.jpg,"[41.88126, -87.67433]"
Rupp Arena,20545,"Kentucky Wildcats men's basketball, Kentucky boys' high school tournament",Lexington,United States,https://upload.wikimedia.org/wikipedia/commons/thumb/1/13/Rupp_Arena_-_UCLA_v._UK_on_12-03-16.jpg/150px-Rupp_Arena_-_UCLA_v._UK_on_12-03-16.jpg,"[43.16162, -89.91256]"
Scotiabank Arena,20511,Toronto Raptors,Toronto,Canada,https://upload.wikimedia.org/wikipedia/commons/thumb/4/49/Scotiabank_Arena_Panorama.jpg/150px-Scotiabank_Arena_Panorama.jpg,"[43.64376, -79.37815]"
Moda Center,20500,Portland Trail Blazers,Portland,United States,https://upload.wikimedia.org/wikipedia/commons/thumb/7/77/Rose_Garden_Arena_Interior.jpg/150px-Rose_Garden_Arena_Interior.jpg,"[45.53193, -122.66784]"
Capital One Arena,20356,"Washington Wizards, Georgetown Hoyas men's basketball","Washington, D.C.",United States,https://upload.wikimedia.org/wikipedia/commons/thumb/2/27/2018_A-10_Final.jpg/150px-2018_A-10_Final.jpg,"[38.89734, -77.02095]"
Little Caesars Arena,20332,Detroit Pistons,"Detroit, MI",United States,https://upload.wikimedia.org/wikipedia/commons/thumb/7/7e/Interior_of_little_Caesars_arena_panorama.jpg/150px-Interior_of_little_Caesars_arena_panorama.jpg,"[42.342, -83.05434]"
Mall of Asia Arena,20000,All UAAP and PBA teams,"Pasay, NCR",Philippines,https://upload.wikimedia.org/wikipedia/commons/thumb/8/8f/Mall_of_Asia_Arena_2019.jpg/150px-Mall_of_Asia_Arena_2019.jpg,"[51.28108, 3.76107]"
Delta Center,20000,Utah Jazz,Salt Lake City,United States,https://upload.wikimedia.org/wikipedia/commons/thumb/6/67/Energy_Solutions_Arena.JPG/150px-Energy_Solutions_Arena.JPG,"[42.72635, -84.66202]"
PNC Arena,20000,NC State Wolfpack men's basketball,Raleigh,United States,https://upload.wikimedia.org/wikipedia/commons/thumb/8/8f/PNC_Arena.jpg/150px-PNC_Arena.jpg,"[35.80104, -78.72613]"
Bridgestone Arena,20000,Regular host of Southeastern Conference Men's Tournament,Nashville,United States,https://upload.wikimedia.org/wikipedia/commons/thumb/d/d3/2014_NCAA_women%27s_basketball_tournament_Final_Four_Nashville.jpg/150px-2014_NCAA_women%27s_basketball_tournament_Final_Four_Nashville.jpg,"[36.16016, -86.77916]"
American Airlines Center,20000,Dallas Mavericks,Dallas,United States,https://upload.wikimedia.org/wikipedia/commons/thumb/d/d8/American_Airlines_Center2242.JPG/150px-American_Airlines_Center2242.JPG,"[32.79004, -96.81085]"
Target Center,20000,"Minnesota Timberwolves, Minnesota Lynx",Minneapolis,United States,https://upload.wikimedia.org/wikipedia/commons/thumb/f/fe/012308-TC-Twolves001.jpg/150px-012308-TC-Twolves001.jpg,"[44.97953, -93.27493]"
Crypto.com Arena,20000,"Los Angeles Clippers, Los Angeles Lakers, Los Angeles Sparks",Los Angeles,United States,https://upload.wikimedia.org/wikipedia/commons/thumb/4/47/Staples_Center_Lakers.jpg/150px-Staples_Center_Lakers.jpg,"[34.04389, -118.26602]"
Nationwide Arena,20000,"Ohio State Buckeyes men's basketball, Ohio State Buckeyes women's basketball",Columbus,United States,https://upload.wikimedia.org/wikipedia/commons/thumb/e/e9/NationwideArena.jpg/150px-NationwideArena.jpg,"[39.96841, -83.00673]"
T-Mobile Arena,20000,Pac-12 Conference Men's Tournament,Paradise,United States,https://upload.wikimedia.org/wikipedia/commons/thumb/7/71/Frozen_Fury%2C_Las_Vegas_%2835162282886%29.jpg/150px-Frozen_Fury%2C_Las_Vegas_%2835162282886%29.jpg,"[36.10336, -115.17636]"
Kaseya Center,19600,Miami Heat,Miami,United States,https://upload.wikimedia.org/wikipedia/commons/thumb/0/0a/Player_introductions_before_a_Miami_Heat_game.jpg/150px-Player_introductions_before_a_Miami_Heat_game.jpg,"[25.78099, -80.18627]"
TD Garden,19580,Boston Celtics,Boston,United States,https://upload.wikimedia.org/wikipedia/commons/thumb/5/58/Basketball_Game_TD_Garden.jpg/150px-Basketball_Game_TD_Garden.jpg,"[42.36553, -71.0612]"
Thomas & Mack Center,19552,UNLV Runnin' Rebels basketball,Paradise,United States,https://upload.wikimedia.org/wikipedia/commons/thumb/e/e4/ThomasandMackinside.jpg/150px-ThomasandMackinside.jpg,"[35.7439, -98.74797]"
Ball Arena,19520,Denver Nuggets,Denver,United States,https://upload.wikimedia.org/wikipedia/commons/thumb/c/ca/Pepsi_center_interior.jpg/150px-Pepsi_center_interior.jpg,"[39.74732, -105.00794]"
Madison Square Garden,19500,"New York Knicks, New York Liberty, most St. John's Red Storm men's basketball games, Big East Men's Tournament",New York City,United States,https://upload.wikimedia.org/wikipedia/commons/thumb/f/f0/MSG_Henrik_Lundqvist_Retirement_Night_003.jpg/150px-MSG_Henrik_Lundqvist_Retirement_Night_003.jpg,"[40.75003, -73.99425]"
Rocket Mortgage FieldHouse,19432,"Cleveland Cavaliers, Mid-American Conference Men's and Women's Tournaments",Cleveland,United States,https://upload.wikimedia.org/wikipedia/commons/thumb/e/ed/Quicken_Loans_Arena_3.jpg/150px-Quicken_Loans_Arena_3.jpg,"[41.49676, -81.68974]"
Nikos Galis Olympic Indoor Hall,19250,Panathinaikos B.C.,Athens,Greece,https://upload.wikimedia.org/wikipedia/commons/thumb/e/eb/OAKA1010436.JPG/150px-OAKA1010436.JPG,"[38.10859, 23.76752]"
Oakland Arena,19200,Golden State Warriors,Oakland,United States,https://upload.wikimedia.org/wikipedia/commons/thumb/7/79/Oracle_Arena_2011-12-17.jpg/150px-Oracle_Arena_2011-12-17.jpg,"[37.75078, -122.20209]"
Bud Walton Arena,19200,"Arkansas Razorbacks men's basketball, Arkansas Razorbacks women's basketball",Fayetteville,United States,https://upload.wikimedia.org/wikipedia/commons/thumb/3/3d/Bud_Walton_Arena_2023.jpg/150px-Bud_Walton_Arena_2023.jpg,"[38.86689, -84.61185]"
Marriott Center,19000,BYU Cougars men's and women's basketball,Provo,United States,https://upload.wikimedia.org/wikipedia/commons/thumb/4/42/Marriott_Center_with_new_seating_2012.jpg/150px-Marriott_Center_with_new_seating_2012.jpg,"[41.23697, -111.98602]"
Barclays Center,19000,Brooklyn Nets,Brooklyn,United States,https://upload.wikimedia.org/wikipedia/commons/thumb/c/c9/Barclays_Center_-_New_York_Islanders_03.jpg/150px-Barclays_Center_-_New_York_Islanders_03.jpg,"[40.6833, -73.97634]"
Frost Bank Center,19000,San Antonio Spurs,San Antonio,United States,https://upload.wikimedia.org/wikipedia/commons/thumb/c/c8/2014_NBA_Playoffs_Dallas_Mavericks_vs._San_Antonio_Spurs.jpg/150px-2014_NBA_Playoffs_Dallas_Mavericks_vs._San_Antonio_Spurs.jpg,"[29.43344, -98.43378]"
Toyota Center,19000,Houston Rockets,Houston,United States,https://upload.wikimedia.org/wikipedia/commons/thumb/0/00/Toyota_Center_inside.jpg/150px-Toyota_Center_inside.jpg,"[29.75172, -95.36172]"
Cadillac Arena,19000,Beijing Ducks,Beijing,China,https://upload.wikimedia.org/wikipedia/commons/thumb/c/cd/Beijing_Wukesong_Culture_%26_Sports_Center.jpg/150px-Beijing_Wukesong_Culture_%26_Sports_Center.jpg,"[44.27653, -85.40659]"
Freedom Hall,18865,Bellarmine Knights men's and women's basketball,Louisville,United States,https://upload.wikimedia.org/wikipedia/commons/thumb/4/4e/FreedomHall3.jpg/150px-FreedomHall3.jpg,"[44.49886, -69.38413]"
Kia Center,18846,Orlando Magic,Orlando,United States,https://upload.wikimedia.org/wikipedia/commons/thumb/f/ff/AmwayCenterCourt.JPG/150px-AmwayCenterCourt.JPG,"[28.5402, -81.38396]"
José Miguel Agrelot Coliseum,18500,some Santurce Crabbers games,San Juan,Puerto Rico,https://upload.wikimedia.org/wikipedia/commons/thumb/3/3e/Coliseum_of_PR.JPG/150px-Coliseum_of_PR.JPG,"[38.89037, -77.03196]"
Footprint Center,18422,"Phoenix Suns, Phoenix Mercury",Phoenix,United States,https://upload.wikimedia.org/wikipedia/commons/thumb/7/7f/USAirwaysCenter-2008NCAAWestRegional.jpg/150px-USAirwaysCenter-2008NCAAWestRegional.jpg,"[33.20356, -96.71823]"
Štark Arena,18386,"Serbia national basketball team, some KK Crvena zvezda and KK Partizan Belgrade games",Belgrade,Serbia,https://upload.wikimedia.org/wikipedia/commons/thumb/c/ca/Arena_X_Factor_Adria_%2813457480073%29.jpg/150px-Arena_X_Factor_Adria_%2813457480073%29.jpg,"[44.81525, 20.42284]"
Paycom Center,18203,Oklahoma City Thunder,Oklahoma City,United States,https://upload.wikimedia.org/wikipedia/commons/thumb/9/9d/OKC_Thunder_Pregame.jpg/150px-OKC_Thunder_Pregame.jpg,"[35.46346, -97.51415]"
Qudos Bank Arena,18000,Sydney Kings,Sydney,Australia,https://upload.wikimedia.org/wikipedia/commons/thumb/5/5f/Sydney_Super_Dome_panorama.jpg/150px-Sydney_Super_Dome_panorama.jpg,"[31.89867, 35.19187]"
Colonial Life Arena,18000,"South Carolina Gamecocks men's basketball, South Carolina Gamecocks women's basketball",Columbia,United States,https://upload.wikimedia.org/wikipedia/commons/thumb/5/54/University_of_South_Carolina_Colonial_Life_Arena.jpg/150px-University_of_South_Carolina_Colonial_Life_Arena.jpg,"[37.24836, -79.96764]"
Gainbridge Fieldhouse,18000,"Indiana Pacers, Indiana Fever",Indianapolis,United States,https://upload.wikimedia.org/wikipedia/commons/thumb/a/a0/Conseco_fieldhouse_seating_bowl.JPG/150px-Conseco_fieldhouse_seating_bowl.JPG,"[39.76476, -86.15635]"
Mercedes-Benz Arena,18000,Shanghai Sharks,Shanghai,China,https://upload.wikimedia.org/wikipedia/commons/thumb/7/7f/Expo_Culture_Center_%284633171163%29.jpg/150px-Expo_Culture_Center_%284633171163%29.jpg,"[-34.64132, -59.4292]"
Xfinity Center,17950,"Maryland Terrapins men's basketball, Maryland Terrapins women's basketball",College Park,United States,https://upload.wikimedia.org/wikipedia/commons/thumb/5/52/Maryland_Duke_basketball_Feb_2007.jpg/150px-Maryland_Duke_basketball_Feb_2007.jpg,"[40.8295, -77.79892]"
FedExForum,17794,"Memphis Grizzlies, Memphis Tigers men's basketball",Memphis,United States,https://upload.wikimedia.org/wikipedia/commons/thumb/9/9a/FedExForum_2015.jpg/150px-FedExForum_2015.jpg,"[35.13886, -90.05219]"
Smoothie King Center,17791,New Orleans Pelicans,New Orleans,United States,https://upload.wikimedia.org/wikipedia/commons/thumb/a/a6/NOLA_2018_WWE_Smackdown_Live_DSC06674_%2846215219532%29.jpg/150px-NOLA_2018_WWE_Smackdown_Live_DSC06674_%2846215219532%29.jpg,"[29.94957, -90.08157]"
Golden 1 Center,17600,Sacramento Kings,Sacramento,United States,https://upload.wikimedia.org/wikipedia/commons/thumb/c/c2/G1C_Interior.jpg/150px-G1C_Interior.jpg,"[38.58106, -121.49962]"
CHI Health Center Omaha,17560,Creighton Bluejays men's basketball,Omaha,United States,https://upload.wikimedia.org/wikipedia/commons/thumb/5/51/P1270977.JPG/150px-P1270977.JPG,"[41.26583, -95.92988]"
Heritage Bank Center,17556,Occasional NCAA and NBA games,Cincinnati,United States,https://upload.wikimedia.org/wikipedia/commons/thumb/9/97/Heritage_Bank_Center.jpg/150px-Heritage_Bank_Center.jpg,"[40.33496, -74.05838]"
Fiserv Forum,17500,"Milwaukee Bucks, Marquette Golden Eagles men's basketball",Milwaukee,United States,https://upload.wikimedia.org/wikipedia/commons/thumb/5/54/Fiserv_Forum_seating_bowl.jpg/150px-Fiserv_Forum_seating_bowl.jpg,"[43.04452, -87.91608]"
Spectrum Center,17500,Charlotte Hornets,Charlotte,United States,https://upload.wikimedia.org/wikipedia/commons/thumb/3/3a/BobcatsArena.jpg/150px-BobcatsArena.jpg,"[33.652504, -117.745111]"
Kohl Center,17230,"Wisconsin Badgers men's basketball, Wisconsin Badgers women's basketball",Madison,United States,https://upload.wikimedia.org/wikipedia/commons/thumb/a/a8/Kohl_Center_hockey.jpg/150px-Kohl_Center_hockey.jpg,"[41.36064, -72.10668]"
Simon Skjodt Assembly Hall,17222,Indiana Hoosiers men's basketball,Bloomington,United States,https://upload.wikimedia.org/wikipedia/commons/thumb/4/44/Assembly_Hall_-_Bloomington%2C_IN_-_December_2015.jpg/150px-Assembly_Hall_-_Bloomington%2C_IN_-_December_2015.jpg,"[37.61546, -81.73381]"
State Farm Arena,16888,"Atlanta Hawks, Atlanta Dream",Atlanta,United States,https://upload.wikimedia.org/wikipedia/commons/thumb/1/1e/Philips_Arena_basketball.jpg/150px-Philips_Arena_basketball.jpg,"[33.75648, -84.39583]"
Prudential Center,16755,"Seton Hall Pirates men's basketball, some NJIT Highlanders men's basketball games",Newark,United States,https://upload.wikimedia.org/wikipedia/commons/thumb/d/d9/Prudential_Center_hockey_rink.jpg/150px-Prudential_Center_hockey_rink.jpg,"[40.73284, -74.17235]"
Arena Zagreb,16500,handball basketball hockey,Zagreb,Croatia,https://upload.wikimedia.org/wikipedia/commons/thumb/5/50/Medvescak_-_Arena_-_west_stand.jpg/150px-Medvescak_-_Arena_-_west_stand.jpg,"[45.77102, 15.93943]"
Indonesia Arena,16500,2023 FIBA Basketball World Cup,Jakarta,Indonesia,https://upload.wikimedia.org/wikipedia/commons/thumb/a/a6/Indonesia_Arena_3_September_2023_-_Pre_Match_BRA_vs_LAT.jpg/150px-Indonesia_Arena_3_September_2023_-_Pre_Match_BRA_vs_LAT.jpg,"[38.89037, -77.03196]"
Allen Fieldhouse,16300,"Kansas Jayhawks men's basketball, Kansas Jayhawks women's basketball",Lawrence,United States,https://upload.wikimedia.org/wikipedia/commons/thumb/c/ca/Allen_Fieldhouse.jpg/150px-Allen_Fieldhouse.jpg,"[38.95352, -95.25249]"
Wells Fargo Arena,16110,Iowa Wolves,Des Moines,United States,https://upload.wikimedia.org/wikipedia/commons/thumb/f/f8/Kansas_Jayhawks_Open_Practice_at_the_2016_March_Madness_Opening_Rounds_%2825217234113%29.jpg/150px-Kansas_Jayhawks_Open_Practice_at_the_2016_March_Madness_Opening_Rounds_%2825217234113%29.jpg,"[38.64274, -121.53262]"
Sinan Erdem Dome,16000,Turkey national basketball team,Istanbul,Turkey,https://upload.wikimedia.org/wikipedia/commons/thumb/6/68/Fenerbah%C3%A7e_vs._Galatasaray_basketball_match.jpg/150px-Fenerbah%C3%A7e_vs._Galatasaray_basketball_match.jpg,"[39.98899, 32.57917]"
Bon Secours Wellness Arena,15951,Clemson Tigers men's basketball from 2015 to 2017,Greenville,United States,https://upload.wikimedia.org/wikipedia/commons/thumb/3/3f/BonSecoursArenaGRN.jpg/150px-BonSecoursArenaGRN.jpg,"[30.31832, -87.72827]"
XL Center,15564,Some Connecticut Huskies men's and women's games,Hartford,United States,https://upload.wikimedia.org/wikipedia/commons/thumb/8/8e/XL-Center-12-10-22-5.jpg/150px-XL-Center-12-10-22-5.jpg,"[37.67266, -87.92578]"
Žalgiris Arena,15552,BC Žalgiris,Kaunas,Lithuania,https://upload.wikimedia.org/wikipedia/commons/thumb/c/c1/%C5%BDalgiris_Arena_interior_18_Aug_2011.jpg/150px-%C5%BDalgiris_Arena_interior_18_Aug_2011.jpg,"[55.86877, 21.38408]"
Save Mart Center,15544,Fresno State Bulldogs,Fresno,United States,https://upload.wikimedia.org/wikipedia/commons/thumb/6/6b/2009-0725-CA-SaveMartCenter.jpg/150px-2009-0725-CA-SaveMartCenter.jpg,"[31.54253, -96.83295]"
Fernando Buesa Arena,15504,Saski Baskonia,Vitoria-Gasteiz,Spain,https://upload.wikimedia.org/wikipedia/commons/thumb/3/3d/Panor%C3%A1mica_del_Fernando_Buesa_Arena.jpg/150px-Panor%C3%A1mica_del_Fernando_Buesa_Arena.jpg,"[28.07559, -16.67086]"
State Farm Center,15500,"Illinois Fighting Illini men's basketball, Illinois Fighting Illini women's basketball",Champaign,United States,https://upload.wikimedia.org/wikipedia/commons/thumb/7/78/State_Farm_Center_Interior.jpg/150px-State_Farm_Center_Interior.jpg,"[37.63928, -77.83195]"
Pinnacle Bank Arena,15500,University of Nebraska Cornhuskers men's and women's basketball,Lincoln,United States,https://upload.wikimedia.org/wikipedia/commons/thumb/0/0a/No-image-available.png/480px-No-image-available.png,"[36.33275, -80.43617]"
Dreamstyle Arena,15411,New Mexico Lobos men's and women's basketball,Albuquerque,United States,https://upload.wikimedia.org/wikipedia/commons/thumb/3/3b/Pit_inside.jpg/150px-Pit_inside.jpg,"[43.16162, -89.91256]"
Carver–Hawkeye Arena,15400,"Iowa Hawkeyes men's basketball, Iowa Hawkeyes women's basketball",Iowa City,United States,https://upload.wikimedia.org/wikipedia/commons/thumb/0/0a/No-image-available.png/480px-No-image-available.png,"[41.66313, -91.55402]"
Coleman Coliseum,15383,Alabama Crimson Tide men's basketball,Tuscaloosa,United States,https://upload.wikimedia.org/wikipedia/commons/thumb/8/87/Coleman_Coliseum_2015_Panorama.jpg/150px-Coleman_Coliseum_2015_Panorama.jpg,"[31.82724, -99.42677]"
Bryce Jordan Center,15261,"Penn State Nittany Lions men's basketball, Penn State Lady Lions basketball",University Park,United States,https://upload.wikimedia.org/wikipedia/commons/thumb/0/0a/No-image-available.png/480px-No-image-available.png,"[40.80957, -77.85387]"
MVP Arena,15229,Siena Saints men's basketball,Albany,United States,https://upload.wikimedia.org/wikipedia/commons/thumb/9/95/Times_Union_Center_2011.jpg/150px-Times_Union_Center_2011.jpg,"[43.16162, -89.91256]"
United Supermarkets Arena,15098,"Texas Tech Red Raiders basketball, Texas Tech Lady Raiders basketball",Lubbock,United States,https://upload.wikimedia.org/wikipedia/commons/thumb/8/8c/UnitedSpiritArena.jpg/150px-UnitedSpiritArena.jpg,"[38.91154, -123.69237]"
Mizzou Arena,15061,"Missouri Tigers men's basketball, Missouri Tigers women's basketball",Columbia,United States,https://upload.wikimedia.org/wikipedia/commons/thumb/a/a0/Mizzou_Arena_interior_-_2014.jpg/150px-Mizzou_Arena_interior_-_2014.jpg,"[43.16162, -89.91256]"
Arena-Auditorium,15028,"Wyoming Cowboys basketball, Wyoming Cowgirls basketball",Laramie,United States,https://upload.wikimedia.org/wikipedia/commons/thumb/7/78/Arena-Auditorium_Laramie.jpg/150px-Arena-Auditorium_Laramie.jpg,"[43.16162, -89.91256]"
Jon M. Huntsman Center,15000,"Utah Utes men's basketball, Utah Utes women's basketball",Salt Lake City,United States,https://upload.wikimedia.org/wikipedia/commons/thumb/1/1c/Utah_gymnastics_meet.jpg/150px-Utah_gymnastics_meet.jpg,"[41.21394, -102.97354]"
Moody Center,15000,"Texas Longhorns men's basketball, Texas Longhorns women's basketball",Austin,United States,https://upload.wikimedia.org/wikipedia/commons/thumb/0/0a/No-image-available.png/480px-No-image-available.png,"[45.39064, -92.81629]"
Ashgabat Main Indoor Arena,15000,Turkmenistan national basketball team,Ashgabat,Turkmenistan,https://upload.wikimedia.org/wikipedia/commons/thumb/0/0a/No-image-available.png/480px-No-image-available.png,"[37.95121, 58.39014]"
Palacio de Deportes de la Comunidad de Madrid,15000,Real Madrid Baloncesto & Club Baloncesto Estudiantes,Madrid,Spain,https://upload.wikimedia.org/wikipedia/commons/thumb/f/f7/Partido_Real_Madrid_-_CSKA_de_Mosc%C3%BA_en_el_Palacio_de_los_Deportes_de_la_Comunidad_de_Madrid.jpg/150px-Partido_Real_Madrid_-_CSKA_de_Mosc%C3%BA_en_el_Palacio_de_los_Deportes_de_la_Comunidad_de_Madrid.jpg,"[40.41955, -3.69197]"
Jeunesse Arena,14981,Flamengo Basketball,Rio de Janeiro,Brazil,https://upload.wikimedia.org/wikipedia/commons/thumb/b/b1/Rioarena.jpg/150px-Rioarena.jpg,"[-6.03615, -35.33996]"
Perth Arena,14846,Perth Wildcats,Perth,Australia,https://upload.wikimedia.org/wikipedia/commons/thumb/b/b1/RAC_Arena%2C_October_2018.jpg/150px-RAC_Arena%2C_October_2018.jpg,"[-31.86993, 115.97581]"
Mackey Arena,14804,Purdue Boilermakers men's basketball,"West Lafayette, Indiana",United States,https://upload.wikimedia.org/wikipedia/commons/thumb/d/df/Mackey_Arena-Purdue_vs_ISU_2007.jpg/150px-Mackey_Arena-Purdue_vs_ISU_2007.jpg,"[38.25284, -87.39277]"
Breslin Center,14797,Michigan State Spartans men's and women's basketball,"East Lansing, Michigan",United States,https://upload.wikimedia.org/wikipedia/commons/thumb/6/6f/BreslinCenterA.jpg/150px-BreslinCenterA.jpg,"[38.89037, -77.03196]"
Lawrence Joel Veterans Memorial Coliseum,14665,Wake Forest Demon Deacons men's and women's basketball,Winston-Salem,United States,https://upload.wikimedia.org/wikipedia/commons/thumb/e/e9/LJVM_floor.jpg/150px-LJVM_floor.jpg,"[39.87001, -85.95208]"
McKale Center,14655,Arizona Wildcats men's and women's basketball,Tucson,United States,https://upload.wikimedia.org/wikipedia/commons/thumb/0/0a/No-image-available.png/480px-No-image-available.png,"[41.36064, -72.10668]"
Williams Arena,14625,"Minnesota Golden Gophers men's basketball, Minnesota Golden Gophers women's basketball","Minneapolis, Minnesota",United States,https://upload.wikimedia.org/wikipedia/commons/thumb/b/be/Williams_arena_ct.JPG/150px-Williams_arena_ct.JPG,"[35.25, -112.19075]"
John Paul Jones Arena,14593,Virginia Cavaliers men's and women's basketball,"Charlottesville, Virginia",United States,https://upload.wikimedia.org/wikipedia/commons/thumb/3/3a/UVA_vs_Duke%2C_Feb._2022.jpg/150px-UVA_vs_Duke%2C_Feb._2022.jpg,"[32.34934, -111.03039]"
Brisbane Entertainment Centre,14500,Brisbane Bullets,Brisbane,Australia,https://upload.wikimedia.org/wikipedia/commons/thumb/0/0a/No-image-available.png/480px-No-image-available.png,"[-27.67419, 153.05244]"
Mercedes-Benz Arena,14500,Alba Berlin,Berlin,Germany,https://upload.wikimedia.org/wikipedia/commons/thumb/0/00/Alba_Berlin_vs_BBC_Bayreuth%2C_19_February_2011_%282%29.jpg/150px-Alba_Berlin_vs_BBC_Bayreuth%2C_19_February_2011_%282%29.jpg,"[53.91068, 11.58795]"
Hilton Coliseum,14384,Iowa State Cyclones men's basketball,Ames,United States,https://upload.wikimedia.org/wikipedia/commons/thumb/3/35/Hilton_Coliseum_Inside_View.jpg/150px-Hilton_Coliseum_Inside_View.jpg,"[37.75704, -122.19388]"
Memorial Gymnasium,14316,Vanderbilt Commodores men's and women's basketball,Nashville,United States,https://upload.wikimedia.org/wikipedia/commons/thumb/0/0a/No-image-available.png/480px-No-image-available.png,"[29.77263, -95.57092]"
Desert Financial Arena,14287,Arizona State Sun Devils men's and women's basketball,Tempe,United States,https://upload.wikimedia.org/wikipedia/commons/thumb/8/88/Arizona_State_University%2C_Tempe_Main_Campus%2C_Tempe%2C_AZ_-_panoramio_%28163%29.jpg/150px-Arizona_State_University%2C_Tempe_Main_Campus%2C_Tempe%2C_AZ_-_panoramio_%28163%29.jpg,"[31.79359, -106.06899]"
VyStar Veterans Memorial Arena,14091,Jacksonville Giants,Jacksonville,United States,https://upload.wikimedia.org/wikipedia/commons/thumb/0/0a/No-image-available.png/480px-No-image-available.png,"[33.5929, -111.70962]"
WVU Coliseum,14000,WVU Mountaineers men's and women's basketball,Morgantown,United States,https://upload.wikimedia.org/wikipedia/commons/thumb/2/23/WVU_Coliseum_2017.jpg/150px-WVU_Coliseum_2017.jpg,"[37.75704, -122.19388]"
Pauley Pavilion,13800,UCLA Bruins men's and women's basketball,Los Angeles,United States,https://upload.wikimedia.org/wikipedia/commons/thumb/0/0a/No-image-available.png/480px-No-image-available.png,"[42.87516, -78.02306]"
Gallagher-Iba Arena,13611,Oklahoma State Cowboys basketball and Cowgirls basketball,Stillwater,United States,https://upload.wikimedia.org/wikipedia/commons/thumb/0/0a/No-image-available.png/480px-No-image-available.png,"[38.16807, -81.40359]"
Wolstein Center,13610,Cleveland State Vikings men's basketball,Cleveland,United States,https://upload.wikimedia.org/wikipedia/commons/thumb/0/0a/No-image-available.png/480px-No-image-available.png,"[40.15476, -75.28873]"
UD Arena,13409,Dayton Flyers basketball and NCAA Men's Basketball Tournament First Four games,Dayton,United States,https://upload.wikimedia.org/wikipedia/commons/thumb/0/0a/No-image-available.png/480px-No-image-available.png,"[43.16162, -89.91256]"
Pete Maravich Assembly Center,13215,LSU Tigers men's and women's basketball,Baton Rouge,United States,https://upload.wikimedia.org/wikipedia/commons/thumb/0/0a/No-image-available.png/480px-No-image-available.png,"[27.82281, -82.70208]"
Convocation Center,13080,Ohio Bobcats basketball,Athens,United States,https://upload.wikimedia.org/wikipedia/commons/thumb/0/0a/No-image-available.png/480px-No-image-available.png,"[38.89037, -77.03196]"
Ülker Sports and Event Hall,13000,Fenerbahçe Men's Basketball and Fenerbahçe Women's Basketball,Istanbul,Turkey,https://upload.wikimedia.org/wikipedia/commons/thumb/b/bf/Fenerbah%C3%A7e_Uluslararas%C4%B1_Spor_Kompleksi_%C3%9Clker_Spor_Arena_20170902_%284%29.jpg/150px-Fenerbah%C3%A7e_Uluslararas%C4%B1_Spor_Kompleksi_%C3%9Clker_Spor_Arena_20170902_%284%29.jpg,"[37.10985, 40.41642]"
Reed Arena,12989,Texas A&M Aggies men's and women's basketball,College Station,United States,https://upload.wikimedia.org/wikipedia/commons/thumb/9/9c/ReedArenaINTERIOR.JPG/150px-ReedArenaINTERIOR.JPG,"[43.16162, -89.91256]"
Crisler Center,12707,University of Michigan men's and women's basketball,Ann Arbor,United States,https://upload.wikimedia.org/wikipedia/commons/thumb/0/0a/No-image-available.png/480px-No-image-available.png,"[41.36064, -72.10668]"
ExtraMile Arena,12644,Boise State Broncos men's and women's basketball,Boise,United States,https://upload.wikimedia.org/wikipedia/commons/thumb/0/0a/No-image-available.png/480px-No-image-available.png,"[43.16162, -89.91256]"
Donald L. Tucker Civic Center,12500,"Florida State Seminoles men's basketball, Florida State Seminoles women's basketball",Tallahassee,United States,https://upload.wikimedia.org/wikipedia/commons/thumb/0/0a/No-image-available.png/480px-No-image-available.png,"[39.73526, -104.99058]"
Budapest Arena,12500,Hungary national basketball team,Budapest,Hungary,https://upload.wikimedia.org/wikipedia/commons/thumb/0/0a/No-image-available.png/480px-No-image-available.png,"[47.5116, 19.05706]"
Palau Municipal d'Esports de Badalona,12500,Club Joventut Badalona,Badalona,Spain,https://upload.wikimedia.org/wikipedia/commons/thumb/0/0a/No-image-available.png/480px-No-image-available.png,"[42.01481, 2.03149]"
Pan American Center,12482,New Mexico State Aggies men's and women's basketball,Las Cruces,United States,https://upload.wikimedia.org/wikipedia/commons/thumb/0/0a/No-image-available.png/480px-No-image-available.png,"[38.17089, -122.2467]"
Arena Stožice,12480,Union Olimpija,Ljubljana,Slovenia,https://upload.wikimedia.org/wikipedia/commons/thumb/0/0a/No-image-available.png/480px-No-image-available.png,"[46.0873, 14.51813]"
Viejas Arena,12414,San Diego State Aztecs men's basketballSan Diego State Aztecs women's basketball,San Diego,United States,https://upload.wikimedia.org/wikipedia/commons/thumb/5/51/20180303-073Crowd%285X8%29.jpg/150px-20180303-073Crowd%285X8%29.jpg,"[43.16162, -89.91256]"
Amica Mutual Pavilion,12410,Providence Friars men's basketball,Providence,United States,https://upload.wikimedia.org/wikipedia/commons/thumb/0/0a/No-image-available.png/480px-No-image-available.png,"[42.87516, -78.02306]"
Matthew Knight Arena,12364,Oregon Ducks men's and women's basketball,"Eugene, Oregon",United States,https://upload.wikimedia.org/wikipedia/commons/thumb/0/0a/No-image-available.png/480px-No-image-available.png,"[35.11822, -80.72025]"
Mediolanum Forum,12331,Pallacanestro Olimpia Milano,Milan,Italy,https://upload.wikimedia.org/wikipedia/commons/thumb/0/0a/No-image-available.png/480px-No-image-available.png,"[38.89037, -77.03196]"
Abdi İpekçi Arena,12270,"Anadolu Efes S.K., Galatasaray S.K. men's  and women's basketball team",Istanbul,Turkey,https://upload.wikimedia.org/wikipedia/commons/thumb/0/0a/No-image-available.png/480px-No-image-available.png,"[40.78195, 29.41571]"
Beasley Coliseum,12058,Washington State Cougars men's basketball,Pullman,United States,https://upload.wikimedia.org/wikipedia/commons/thumb/7/78/Beasley_Coliseum%2C_Pullman_WA%2C_March_2024.jpg/150px-Beasley_Coliseum%2C_Pullman_WA%2C_March_2024.jpg,"[29.49839, -95.91642]"
Fifth Third Arena,12012,Cincinnati Bearcats men's and women's basketball,Cincinnati,United States,https://upload.wikimedia.org/wikipedia/commons/thumb/f/f1/Renovated_Fifth_Third_Arena_Interior_3.jpg/150px-Renovated_Fifth_Third_Arena_Interior_3.jpg,"[35.23523, -80.8509]"
Lawlor Events Center,12000,Nevada Wolf Pack men's and women's basketball,Reno,United States,https://upload.wikimedia.org/wikipedia/commons/thumb/0/0a/No-image-available.png/480px-No-image-available.png,"[43.06983, -92.15199]"
Peace and Friendship Stadium,12000,Olympiacos BC,Piraeus,Greece,https://upload.wikimedia.org/wikipedia/en/thumb/2/29/Peace_and_Friendship_stadium_02_03_2014.JPG/150px-Peace_and_Friendship_stadium_02_03_2014.JPG,"[42.20788, -78.13363]"
Don Haskins Center,11892,UTEP Miners men's and women's basketball,El Paso,United States,https://upload.wikimedia.org/wikipedia/commons/thumb/d/d3/Don_Haskins_Center_UTEP_Interior.jpg/150px-Don_Haskins_Center_UTEP_Interior.jpg,"[41.46539, -83.70527]"
Haas Pavilion,11858,California Golden Bears men's basketball,Berkeley,United States,https://upload.wikimedia.org/wikipedia/commons/thumb/c/cf/Haas_Pavilion_Court.jpg/150px-Haas_Pavilion_Court.jpg,"[37.86944, -122.26164]"
Cajundome,11550,Louisiana Ragin' Cajuns men's basketball,Lafayette,United States,https://upload.wikimedia.org/wikipedia/commons/thumb/c/cf/Cajundome_Afternoon.JPG/150px-Cajundome_Afternoon.JPG,"[30.21975, -92.04206]"
Murphy Center,11520,Middle Tennessee Blue Raiders men's and women's basketball,Murfreesboro,United States,https://upload.wikimedia.org/wikipedia/commons/thumb/0/0a/No-image-available.png/480px-No-image-available.png,"[38.4899, -90.49635]"
Dee Events Center,11500,Weber State Wildcats,Ogden,United States,https://upload.wikimedia.org/wikipedia/commons/thumb/0/0a/No-image-available.png/480px-No-image-available.png,"[35.25954, -80.0334]"
John E. Worthen Arena,11500,Ball State Cardinals men and women's basketball,"Muncie, Indiana",United States,https://upload.wikimedia.org/wikipedia/commons/thumb/0/0a/No-image-available.png/480px-No-image-available.png,"[42.42069, -71.21697]"
Kaplan Arena,11300,William & Mary Tribe men's basketball,Williamsburg,United States,https://upload.wikimedia.org/wikipedia/commons/thumb/0/0a/No-image-available.png/480px-No-image-available.png,"[42.11046, -74.73498]"
PalaLottomatica,11200,Pallacanestro Virtus Roma,Rome,Italy,https://upload.wikimedia.org/wikipedia/commons/thumb/a/a7/PalaLottomatica.jpg/150px-PalaLottomatica.jpg,"[38.89037, -77.03196]"
CU Events Center,11065,Colorado Buffaloes men's basketball,Boulder,United States,https://upload.wikimedia.org/wikipedia/commons/thumb/0/0a/No-image-available.png/480px-No-image-available.png,"[46.55659, -87.39418]"
Bramlage Coliseum,11000,Kansas State Wildcats men's basketball,Manhattan,United States,https://upload.wikimedia.org/wikipedia/commons/thumb/0/0a/No-image-available.png/480px-No-image-available.png,"[37.75704, -122.19388]"
Pais Arena,11000,Hapoel Jerusalem,Jerusalem,Israel,https://upload.wikimedia.org/wikipedia/commons/thumb/0/0a/No-image-available.png/480px-No-image-available.png,"[48.88509, 2.30344]"
Unipol Arena,11000,Virtus Pallacanestro Bologna,Bologna,Italy,https://upload.wikimedia.org/wikipedia/commons/thumb/8/85/Unipol_Arena_2014.jpg/150px-Unipol_Arena_2014.jpg,"[38.01663, 13.61195]"
McKenzie Arena,10995,Chattanooga Mocs men's and women's basketball,Chattanooga,United States,https://upload.wikimedia.org/wikipedia/commons/thumb/0/0a/No-image-available.png/480px-No-image-available.png,"[36.13279, -88.51966]"
Lloyd Noble Center,10967,Oklahoma Sooners men's and women's basketball,Norman,United States,https://upload.wikimedia.org/wikipedia/commons/thumb/0/0a/No-image-available.png/480px-No-image-available.png,"[41.4532, -85.26391]"
Spaladium Arena,10931,KK Split,Split,Croatia,https://upload.wikimedia.org/wikipedia/commons/thumb/0/0a/No-image-available.png/480px-No-image-available.png,"[44.87304, 13.84926]"
Pabellón Príncipe Felipe,10744,CAI Zaragoza,Zaragoza,Spain,https://upload.wikimedia.org/wikipedia/commons/thumb/0/0a/No-image-available.png/480px-No-image-available.png,"[39.96752, -4.81338]"
Palacio de Deportes José María Martín Carpena,10642,Baloncesto Málaga,Málaga,Spain,https://upload.wikimedia.org/wikipedia/commons/thumb/0/0a/No-image-available.png/480px-No-image-available.png,"[37.99443, -1.11355]"
Great Southern Bank Arena,10542,Missouri State Bears men's and women's basketball,Springfield,United States,https://upload.wikimedia.org/wikipedia/commons/thumb/1/18/Msu_v_arkansas.jpg/150px-Msu_v_arkansas.jpg,"[26.15294, -80.18044]"
Stegeman Coliseum,10532,Georgia Bulldogs men's and women's basketball,Athens,United States,https://upload.wikimedia.org/wikipedia/commons/thumb/c/ce/Stegeman_Coliseum.jpg/150px-Stegeman_Coliseum.jpg,"[39.35454, -122.02989]"
Hisense Arena,10500,Melbourne United,Melbourne,Australia,https://upload.wikimedia.org/wikipedia/commons/thumb/0/0a/No-image-available.png/480px-No-image-available.png,"[8.71694, -76.1064]"
Ankara Arena,10400,"Hacettepe Üniversitesi B.K., Türk Telekom B.K. and TED Ankara Kolejliler",Ankara,Turkey,https://upload.wikimedia.org/wikipedia/commons/thumb/0/0a/No-image-available.png/480px-No-image-available.png,"[39.92121, 32.85393]"
Wintrust Arena,10387,DePaul Blue Demons men's and women's basketball,Chicago,United States,https://upload.wikimedia.org/wikipedia/commons/thumb/0/0a/No-image-available.png/480px-No-image-available.png,"[37.68283, -97.3323]"
Menora Mivtachim Arena,10383,"Maccabi Tel Aviv, Israel national basketball team",Tel Aviv,Israel,https://upload.wikimedia.org/wikipedia/commons/thumb/0/0a/No-image-available.png/480px-No-image-available.png,"[32.06138, 34.79194]"
Vitrifrigo Arena,10323,Victoria Libertas Pesaro,Pesaro,Italy,https://upload.wikimedia.org/wikipedia/commons/thumb/c/cd/Pesaro_-_BPA_Palas_01.jpg/150px-Pesaro_-_BPA_Palas_01.jpg,"[38.56105, 16.21264]"
Stan Sheriff Center,10300,Hawaii Rainbow Warriors basketball,Honolulu,United States,https://upload.wikimedia.org/wikipedia/commons/thumb/0/0a/No-image-available.png/480px-No-image-available.png,"[31.79616, -94.1797]"
Galen Center,10258,USC Trojans men's and women's basketball,Los Angeles,United States,https://upload.wikimedia.org/wikipedia/commons/thumb/0/0a/No-image-available.png/480px-No-image-available.png,"[46.39892, -112.72178]"
Cintas Center,10224,Xavier Musketeers men's and women's basketball,Cincinnati,United States,https://upload.wikimedia.org/wikipedia/commons/thumb/0/0a/No-image-available.png/480px-No-image-available.png,"[37.67266, -87.92578]"
CEFCU Arena,10200,Illinois State Redbirds men's and women's basketball,Normal,United States,https://upload.wikimedia.org/wikipedia/commons/thumb/0/0a/No-image-available.png/480px-No-image-available.png,"[43.16162, -89.91256]"
O'Connell Center,10133,"Florida Gators men's and women's basketball, and women's gymnastics",Gainesville,United States,https://upload.wikimedia.org/wikipedia/commons/thumb/c/c8/High_Resolution_Stadium_Pic.jpg/150px-High_Resolution_Stadium_Pic.jpg,"[46.66146, -118.86063]"
Montagne Center,10080,Lamar Cardinals basketball,Beaumont,United States,https://upload.wikimedia.org/wikipedia/commons/thumb/0/0a/No-image-available.png/480px-No-image-available.png,"[42.5356, -72.52779]"
Cassell Coliseum,10052,Virginia Tech Hokies men's and women's basketball,Blacksburg,United States,https://upload.wikimedia.org/wikipedia/commons/thumb/0/0a/No-image-available.png/480px-No-image-available.png,"[37.75704, -122.19388]"
Mitchell Center,10038,South Alabama Jaguars men's basketball,Mobile,United States,https://upload.wikimedia.org/wikipedia/commons/thumb/0/0a/No-image-available.png/480px-No-image-available.png,"[38.71379, -90.14133]"
First National Bank Arena,10038,Arkansas State Red Wolves men's basketball,Jonesboro,United States,https://upload.wikimedia.org/wikipedia/commons/thumb/0/0a/No-image-available.png/480px-No-image-available.png,"[26.78322, -80.089]"
Bilbao Arena,10014,Bilbao Basket,Bilbao,Spain,https://upload.wikimedia.org/wikipedia/commons/thumb/5/53/Bilbao_Arena_Goitik.jpg/150px-Bilbao_Arena_Goitik.jpg,"[43.25973, -2.92345]"
Hec Edmundson Pavilion,10000,University of Washington Huskies men's and women's basketball,Seattle,United States,https://upload.wikimedia.org/wikipedia/commons/thumb/0/0a/No-image-available.png/480px-No-image-available.png,"[37.32277, -86.22977]"
BTarena,10000,U-BT Cluj-Napoca,Cluj-Napoca,Romania,https://upload.wikimedia.org/wikipedia/commons/thumb/0/0a/No-image-available.png/480px-No-image-available.png,"[-6.19987, 106.61481]"
EagleBank Arena,10000,George Mason Patriots men's and women's basketball,Fairfax,United States,https://upload.wikimedia.org/wikipedia/commons/thumb/9/9f/Patriot_Center_2011.jpg/150px-Patriot_Center_2011.jpg,"[43.16162, -89.91256]"
PhilSports Arena,10000,PBA Teams,Pasig,Philippines,https://upload.wikimedia.org/wikipedia/commons/thumb/0/0a/No-image-available.png/480px-No-image-available.png,"[51.28108, 3.76107]"
Siemens Arena,10000,BC Lietuvos rytas,Vilnius,Lithuania,https://upload.wikimedia.org/wikipedia/commons/thumb/0/0a/No-image-available.png/480px-No-image-available.png,"[46.48084, -90.08492]"
Strahan Arena,10000,Texas State Bobcats men's and women's basketball,San Marcos,United States,https://upload.wikimedia.org/wikipedia/commons/thumb/9/9f/StrahanColiseumINTERIOR.JPG/150px-StrahanColiseumINTERIOR.JPG,"[40.94927, -95.49918]"
Gill Coliseum,9604,"Oregon State Beavers men's basketball, Oregon State Beavers women's basketball",Corvallis,United States,https://upload.wikimedia.org/wikipedia/commons/thumb/0/0a/No-image-available.png/480px-No-image-available.png,"[44.56132, -123.27967]"
Addition Financial Arena,9432,UCF Knights men's and women's basketball,Orlando,United States,https://upload.wikimedia.org/wikipedia/commons/thumb/0/0a/No-image-available.png/480px-No-image-available.png,"[43.16162, -89.91256]"
Cameron Indoor Stadium,9314,"Duke Blue Devils men's basketball, Duke Blue Devils women's basketball",Durham,United States,https://upload.wikimedia.org/wikipedia/commons/thumb/8/88/Cameron2018214.jpeg/150px-Cameron2018214.jpeg,"[35.2128, -79.15301]"
Vector Arena,9300,New Zealand Breakers,Auckland,New Zealand,https://upload.wikimedia.org/wikipedia/commons/thumb/0/0a/No-image-available.png/480px-No-image-available.png,"[-36.84695, 174.77604]"
Eblen Center,9280,Tennessee Tech Golden Eagles men's basketball,Cookeville,United States,https://upload.wikimedia.org/wikipedia/commons/thumb/8/85/Eblen_Center_2020_graduation.jpg/150px-Eblen_Center_2020_graduation.jpg,"[41.07481, -85.0139]"
Joyce Center,9149,Notre Dame Fighting Irish men's basketball,Notre Dame,United States,https://upload.wikimedia.org/wikipedia/commons/thumb/0/0a/No-image-available.png/480px-No-image-available.png,"[41.6996, -86.23119]"
Neville Arena,9121,Auburn Tigers men's and women's basketball,Auburn,United States,https://upload.wikimedia.org/wikipedia/commons/thumb/0/0a/No-image-available.png/480px-No-image-available.png,"[40.51052, -80.12633]"
Hinkle Fieldhouse,9100,"Butler Bulldogs men's basketball, Butler Bulldogs women's basketball",Indianapolis,United States,https://upload.wikimedia.org/wikipedia/commons/thumb/1/13/Hinkle_panorama_inside.JPG/150px-Hinkle_panorama_inside.JPG,"[33.55733, -117.64181]"
Humphrey Coliseum,9100,Mississippi State Bulldogs men's and women's basketball,Mississippi State,United States,https://upload.wikimedia.org/wikipedia/commons/thumb/0/0a/No-image-available.png/480px-No-image-available.png,"[34.4221, -91.70602]"
Krešimir Ćosić Hall,9000,KK Zadar,Zadar,Croatia,https://upload.wikimedia.org/wikipedia/commons/thumb/1/19/Dvorana_Kre%C5%A1imira_%C4%86osi%C4%87a_Zadar.jpg/150px-Dvorana_Kre%C5%A1imira_%C4%86osi%C4%87a_Zadar.jpg,"[45.80672, 15.95276]"
George Gervin GameAbove Center,8824,Eastern Michigan Eagles men's basketball,Ypsilanti,United States,https://upload.wikimedia.org/wikipedia/commons/thumb/6/64/East_mich_convocation_pic.jpg/150px-East_mich_convocation_pic.jpg,"[47.08122, -119.85666]"
The Palestra,8725,Penn Quakers,Philadelphia,United States,https://upload.wikimedia.org/wikipedia/commons/thumb/0/0a/No-image-available.png/480px-No-image-available.png,"[38.89036, -77.03196]"
CFSB Center,8602,Murray State Racers men's and women's basketball,Murray,United States,https://upload.wikimedia.org/wikipedia/commons/thumb/0/0a/No-image-available.png/480px-No-image-available.png,"[37.67266, -87.92578]"
Schollmaier Arena,8500,TCU Horned Frogs men's and women's basketball,Ft. Worth,United States,https://upload.wikimedia.org/wikipedia/commons/thumb/0/0a/No-image-available.png/480px-No-image-available.png,"[43.16162, -89.91256]"
PAOK Sports Arena,8500,PAOK BC,Thessaloniki,Greece,https://upload.wikimedia.org/wikipedia/commons/thumb/d/d8/Aussenansicht_der_PAOK_Sports_Arena.jpg/150px-Aussenansicht_der_PAOK_Sports_Arena.jpg,"[38.89037, -77.03196]"
Atlantic Union Bank Center,8500,James Madison Dukes men's and women's basketball,Harrisonburg,United States,https://upload.wikimedia.org/wikipedia/commons/thumb/0/0a/No-image-available.png/480px-No-image-available.png,"[39.36287, -74.42637]"
UCCU Center,8500,Utah Valley Wolverines men's basketball,Orem,United States,https://upload.wikimedia.org/wikipedia/commons/thumb/0/0a/No-image-available.png/480px-No-image-available.png,"[41.88126, -87.67433]"
Chartway Arena,8472,Old Dominion Monarchs men's basketball,Norfolk,United States,https://upload.wikimedia.org/wikipedia/commons/thumb/0/0a/No-image-available.png/480px-No-image-available.png,"[43.16162, -89.91256]"
Ano Liosia Olympic Hall,8327,AEK B.C.,Athens,Greece,https://upload.wikimedia.org/wikipedia/commons/thumb/5/54/ANO_LIOSIA_OLYMPIC_HALL.jpg/150px-ANO_LIOSIA_OLYMPIC_HALL.jpg,"[38.08151, 23.7092]"
Banterra Center,8284,Southern Illinois Salukis men's basketball,Carbondale,United States,https://upload.wikimedia.org/wikipedia/commons/thumb/0/0a/No-image-available.png/480px-No-image-available.png,"[40.31913, -112.62577]"
Lloyd E. Scott Gymnasium,8228,Seymour Owls,Seymour,United States,https://upload.wikimedia.org/wikipedia/commons/thumb/0/0a/No-image-available.png/480px-No-image-available.png,"[41.63709, -90.62319]"
Aleksandar Nikolić Hall,8150,"KK Crvena zvezda
KK Partizan",Belgrade,Serbia,https://upload.wikimedia.org/wikipedia/commons/thumb/0/0a/No-image-available.png/480px-No-image-available.png,"[44.37038, 20.25845]"
Hokkai Kitayell,8128,Levanga Hokkaido,Sapporo,Japan,https://upload.wikimedia.org/wikipedia/commons/thumb/0/0a/No-image-available.png/480px-No-image-available.png,"[38.89037, -77.03196]"
Moby Arena,8083,Colorado State Rams men's basketball,Fort Collins,United States,https://upload.wikimedia.org/wikipedia/commons/thumb/0/0a/No-image-available.png/480px-No-image-available.png,"[43.16162, -89.91256]"
John A. Baratto Athletic Center,8054,East Chicago Central Cardinals,East Chicago,United States,https://upload.wikimedia.org/wikipedia/commons/thumb/0/0a/No-image-available.png/480px-No-image-available.png,"[37.99952, -98.76097]"
Adelaide Arena,8000,"Adelaide 36ers, Adelaide Lightning",Adelaide,Australia,https://upload.wikimedia.org/wikipedia/commons/thumb/7/76/Brett_Maher_Court_023.jpg/150px-Brett_Maher_Court_023.jpg,"[-34.88739, 138.68943]"
Nouhad Nawfal Stadium,8000,Tadamon Zouk,Zouk Mikael,Lebanon,https://upload.wikimedia.org/wikipedia/commons/thumb/0/0a/No-image-available.png/480px-No-image-available.png,"[36.19979, -86.28636]"
Calihan Hall,7917,Detroit Mercy Titans men's basketball,Detroit,United States,https://upload.wikimedia.org/wikipedia/commons/thumb/0/0a/No-image-available.png/480px-No-image-available.png,"[39.03595, -104.29705]"
New Castle Fieldhouse,7829,New Castle Trojans,New Castle,United States,https://upload.wikimedia.org/wikipedia/commons/thumb/0/0a/No-image-available.png/480px-No-image-available.png,"[39.66016, -75.56822]"
Ramsey Center,7826,Western Carolina Catamounts men's and women's basketball,Cullowhee,United States,https://upload.wikimedia.org/wikipedia/commons/thumb/0/0a/No-image-available.png/480px-No-image-available.png,"[38.32317, -86.15315]"
Tiernan Center,7786,Richmond Red Devils,Richmond,United States,https://upload.wikimedia.org/wikipedia/commons/thumb/0/0a/No-image-available.png/480px-No-image-available.png,"[44.0157, -123.94144]"
Bert Ogden Arena,7770,Rio Grande Valley Vipers,Edinburg,United States,https://upload.wikimedia.org/wikipedia/commons/thumb/0/0a/No-image-available.png/480px-No-image-available.png,"[41.22257, -111.97047]"
Siegel Center,7637,VCU Rams,Richmond,United States,https://upload.wikimedia.org/wikipedia/commons/thumb/9/94/VCU_Stuart_C._Siegel_Center_by_Jeff_Auth.jpg/150px-VCU_Stuart_C._Siegel_Center_by_Jeff_Auth.jpg,"[32.436, -92.22783]"
Muncie Fieldhouse,7635,Muncie Central Bearcats,Muncie,United States,https://upload.wikimedia.org/wikipedia/commons/thumb/0/0a/No-image-available.png/480px-No-image-available.png,"[33.55733, -117.64181]"
Bill Green Athletic Arena,7560,Marion Giants,Marion,United States,https://upload.wikimedia.org/wikipedia/commons/thumb/0/0a/No-image-available.png/480px-No-image-available.png,"[42.67997, -89.60227]"
Foster Pavillion,7500,Baylor Bears men's and women's basketball,Waco,United States,https://upload.wikimedia.org/wikipedia/commons/thumb/0/0a/No-image-available.png/480px-No-image-available.png,"[42.87516, -78.02306]"
Copper Box,7500,London Lions,London,Great Britain,https://upload.wikimedia.org/wikipedia/commons/thumb/0/0a/No-image-available.png/480px-No-image-available.png,"[51.23233, -1.47147]"
Fredrick C. Hobdy Assembly Center,7500,Grambling State Tigers men's basketball,Grambling,United States,https://upload.wikimedia.org/wikipedia/commons/thumb/0/0a/No-image-available.png/480px-No-image-available.png,"[39.41574, -77.41203]"
Pride Roofing University Center,7500,"Southeastern Louisiana Lions basketball, Southeastern Louisiana Lady Lions basketball",Hammond,United States,https://upload.wikimedia.org/wikipedia/commons/thumb/0/0a/No-image-available.png/480px-No-image-available.png,"[43.5147, -83.96642]"
Maples Pavilion,7392,Stanford Cardinal men's basketball,Stanford,United States,https://upload.wikimedia.org/wikipedia/commons/thumb/0/0a/No-image-available.png/480px-No-image-available.png,"[26.25178, -81.80376]"
Show Me Center,7373,Southeast Missouri State Redhawks men's basketball,Cape Girardeau,United States,https://upload.wikimedia.org/wikipedia/commons/thumb/0/0a/No-image-available.png/480px-No-image-available.png,"[44.81077, -68.77233]"
Savage Arena,7300,Toledo Rockets men's and women's basketball,Toledo,United States,https://upload.wikimedia.org/wikipedia/commons/thumb/7/78/Savage_Arena_2.JPG/150px-Savage_Arena_2.JPG,"[44.76482, -93.35546]"
Istora Gelora Bung Karno,7166,-,Jakarta,Indonesia,https://upload.wikimedia.org/wikipedia/commons/thumb/0/0a/No-image-available.png/480px-No-image-available.png,"[-6.21731, 106.80753]"
Fertitta Center,7100,Houston Cougars men's and women's basketball,Houston,United States,https://upload.wikimedia.org/wikipedia/commons/thumb/0/0a/No-image-available.png/480px-No-image-available.png,"[41.36064, -72.10668]"
Fant–Ewing Coliseum,7085,Louisiana–Monroe Warhawks men's and women's basketball,Monroe,United States,https://upload.wikimedia.org/wikipedia/commons/thumb/0/0a/No-image-available.png/480px-No-image-available.png,"[37.75704, -122.19388]"
Global Credit Union Arena,7000,Grand Canyon Antelopes men's and women's basketball,Phoenix,United States,https://upload.wikimedia.org/wikipedia/commons/thumb/0/0a/No-image-available.png/480px-No-image-available.png,"[43.16162, -89.91256]"
Allianz Dome,6943,Pallacanestro Trieste,Trieste,Italy,https://upload.wikimedia.org/wikipedia/commons/thumb/0/0a/No-image-available.png/480px-No-image-available.png,"[41.7565, 12.36936]"
Eleftheria Indoor Hall,6800,"Omonia, ETHA",Nicosia,Cyprus,https://upload.wikimedia.org/wikipedia/commons/thumb/0/0a/No-image-available.png/480px-No-image-available.png,"[40.67094, 22.89428]"
Knapp Center,6424,Drake Bulldogs men's basketball,Des Moines,United States,https://upload.wikimedia.org/wikipedia/commons/thumb/c/c5/Knapp_Center_fall_22.jpg/150px-Knapp_Center_fall_22.jpg,"[42.05432, -71.0527]"
Halenbeck Hall,6400,St. Cloud State men's and women's basketball,St. Cloud,United States,https://upload.wikimedia.org/wikipedia/commons/thumb/0/0a/No-image-available.png/480px-No-image-available.png,"[42.60047, -73.66894]"
Memorial Athletic and Convocation Center,6327,Kent State Golden Flashes men's and women's basketball,Kent,United States,https://upload.wikimedia.org/wikipedia/commons/thumb/b/bc/MAC_Center_panorama_2015.jpg/150px-MAC_Center_panorama_2015.jpg,"[33.64569, -86.68383]"
Spyros Kyprianou Athletic Center,6255,-,Limassol,Cyprus,https://upload.wikimedia.org/wikipedia/commons/thumb/0/0a/No-image-available.png/480px-No-image-available.png,"[38.89037, -77.03196]"
Alex G. Spanos Center,6150,Pacific Tigers men's and women's basketball,Stockton,United States,https://upload.wikimedia.org/wikipedia/commons/thumb/0/0a/No-image-available.png/480px-No-image-available.png,"[34.91738, -97.77887]"
Bernard Johnson Coliseum,6110,Sam Houston Bearkats men's and women's basketball,Huntsville,United States,https://upload.wikimedia.org/wikipedia/commons/thumb/0/0a/No-image-available.png/480px-No-image-available.png,"[44.63436, -72.67699]"
Arena Burgas,6100,BC Chernomorets,Burgas,Bulgaria,https://upload.wikimedia.org/wikipedia/commons/thumb/0/0a/No-image-available.png/480px-No-image-available.png,"[42.7085, 27.77157]"
Reese Court,6000,Eastern Washington Eagles men's basketball,Cheney,United States,https://upload.wikimedia.org/wikipedia/commons/thumb/0/0a/No-image-available.png/480px-No-image-available.png,"[38.73739, -77.70885]"
Trojan Arena,6000,Troy Trojans men's and women's basketball,Troy,United States,https://upload.wikimedia.org/wikipedia/commons/thumb/6/67/Trojan_Arena_Troy_9.jpg/150px-Trojan_Arena_Troy_9.jpg,"[43.16162, -89.91256]"
WIN Entertainment Centre,6000,Illawarra Hawks,Wollongong,Australia,https://upload.wikimedia.org/wikipedia/commons/thumb/0/0a/No-image-available.png/480px-No-image-available.png,"[38.89037, -77.03196]"
UNF Arena,5800,North Florida Ospreys men's and women's basketball,Jacksonville,United States,https://upload.wikimedia.org/wikipedia/commons/thumb/0/0a/No-image-available.png/480px-No-image-available.png,"[43.16162, -89.91256]"
Jack Stephens Center,5600,Little Rock Trojans men's basketball,Little Rock,United States,https://upload.wikimedia.org/wikipedia/commons/thumb/0/0a/No-image-available.png/480px-No-image-available.png,"[34.48557, -97.85153]"
Astroballe,5556,ASVEL Basket,Villeurbanne,France,https://upload.wikimedia.org/wikipedia/commons/thumb/0/0a/No-image-available.png/480px-No-image-available.png,"[53.76635, -7.64211]"
Farris Center,5500,Central Arkansas Bears basketball,Conway,United States,https://upload.wikimedia.org/wikipedia/commons/thumb/0/0a/No-image-available.png/480px-No-image-available.png,"[29.69796, -95.12377]"
Holon Toto Hall,5500,Hapoel Holon,Holon,Israel,https://upload.wikimedia.org/wikipedia/commons/thumb/0/0a/No-image-available.png/480px-No-image-available.png,"[38.50738, -76.76933]"
Hytche Athletic Center,5500,Maryland Eastern Shore Hawks men's and women's basketball,Princess Anne,United States,https://upload.wikimedia.org/wikipedia/commons/thumb/6/68/Hytche_Center_Interior.jpg/150px-Hytche_Center_Interior.jpg,"[37.24492, -78.45718]"
James A. Rhodes Arena,5500,Akron Zips men's and women's basketball,Akron,United States,https://upload.wikimedia.org/wikipedia/commons/thumb/0/0a/No-image-available.png/480px-No-image-available.png,"[35.14582, -106.57952]"
Scheels Center,5460,North Dakota State Bison men's basketball,Fargo,United States,https://upload.wikimedia.org/wikipedia/commons/thumb/0/0a/No-image-available.png/480px-No-image-available.png,"[46.87504, -96.77138]"
Lantz Arena,5400,Eastern Illinois Panthers men's and women's basketball,Charleston,United States,https://upload.wikimedia.org/wikipedia/commons/thumb/0/0a/No-image-available.png/480px-No-image-available.png,"[43.16162, -89.91256]"
America First Event Center,5300,Southern Utah Thunderbirds men's and women's basketball,Cedar City,United States,https://upload.wikimedia.org/wikipedia/commons/thumb/0/0a/No-image-available.png/480px-No-image-available.png,"[32.20745, -82.37939]"
Cairns Convention Centre,5300,Cairns Taipans,Cairns,Australia,https://upload.wikimedia.org/wikipedia/commons/thumb/0/0a/No-image-available.png/480px-No-image-available.png,"[-37.82512, 144.94994]"
McGuirk Arena,5300,Central Michigan Chippewas men's and women's basketball,Mount Pleasant,United States,https://upload.wikimedia.org/wikipedia/commons/thumb/0/0a/No-image-available.png/480px-No-image-available.png,"[43.16162, -89.91256]"
PalaLeonessa,5200,Basket Brescia Leonessa,Brescia,Italy,https://upload.wikimedia.org/wikipedia/commons/thumb/4/42/PalaLeonessa201812.jpg/150px-PalaLeonessa201812.jpg,"[42.57225, 12.96377]"
AIS Arena,5200,University of Canberra Capitals,Canberra,Australia,https://upload.wikimedia.org/wikipedia/commons/thumb/0/0a/No-image-available.png/480px-No-image-available.png,"[-35.24743, 149.1005]"
Binghamton University Events Center,5142,Binghamton Bearcats,Binghamton,United States,https://upload.wikimedia.org/wikipedia/commons/thumb/0/0a/No-image-available.png/480px-No-image-available.png,"[42.08841, -75.96723]"
Alexandreio Melathron Nick Galis Hall,5138,Aris BC,Thessaloniki,Greece,https://upload.wikimedia.org/wikipedia/commons/thumb/0/0a/No-image-available.png/480px-No-image-available.png,"[38.89037, -77.03196]"
Christl Arena,5034,Army Black Knights men's and women's basketball,West Point,United States,https://upload.wikimedia.org/wikipedia/commons/thumb/9/95/Christl_Arena_2023_01_21.jpg/150px-Christl_Arena_2023_01_21.jpg,"[43.16162, -89.91256]"
Athletics–Recreation Center,5000,Valparaiso Beacons men's and women's basketball,Valparaiso,United States,https://upload.wikimedia.org/wikipedia/commons/thumb/3/33/Athletics-Recreation_Center_panorama.jpg/150px-Athletics-Recreation_Center_panorama.jpg,"[38.89037, -77.03196]"
Charles E. Smith Center,5000,George Washington Revolutionaries men's basketball,"Washington, D.C.",United States,https://upload.wikimedia.org/wikipedia/commons/thumb/3/38/GW_Smith_Center.JPG/150px-GW_Smith_Center.JPG,"[39.77609, -98.78575]"
CNA Arena Akita,5000,Akita Northern Happinets,Akita,Japan,https://upload.wikimedia.org/wikipedia/commons/thumb/0/0a/No-image-available.png/480px-No-image-available.png,"[39.71863, 140.10236]"
Edmunds Center,5000,Stetson Hatters men's basketball,DeLand,United States,https://upload.wikimedia.org/wikipedia/commons/thumb/0/0a/No-image-available.png/480px-No-image-available.png,"[45.41879, -99.21528]"
Filoil Flying V Centre,5000,All NCAA (Philippines) college teams and UAAP juniors teams,San Juan City,Philippines,https://upload.wikimedia.org/wikipedia/commons/thumb/0/0a/No-image-available.png/480px-No-image-available.png,"[10.93913, 122.63856]"
Ocean Bank Convocation Center,5000,FIU Panthers men's basketball,Westchester,United States,https://upload.wikimedia.org/wikipedia/commons/thumb/0/0a/No-image-available.png/480px-No-image-available.png,"[36.06291, -95.80082]"
Provident Credit Union Event Center,5000,San Jose State Spartans men's basketball,San Jose,United States,https://upload.wikimedia.org/wikipedia/commons/thumb/0/0a/No-image-available.png/480px-No-image-available.png,"[41.82388, -71.41198]"
Romema Arena,5000,"Maccabi Haifa, Hapoel Haifa",Haifa,Israel,https://upload.wikimedia.org/wikipedia/commons/thumb/a/a2/Romema_Arena.jpg/150px-Romema_Arena.jpg,"[32.78941, 34.997]"
The BritAma Arena,5000,Satria Muda Pertamina,Jakarta,Indonesia,https://upload.wikimedia.org/wikipedia/commons/thumb/0/0a/No-image-available.png/480px-No-image-available.png,"[38.89037, -77.03196]"
